timestamp_ns,timestamp_sec,leg_front_r_2,leg_front_l_1,leg_front_l_2,leg_front_r_1,leg_front_l_3,leg_front_r_3,leg_back_r_1,leg_back_r_3,leg_back_l_1,leg_back_r_2,leg_back_l_2,leg_back_l_3
1757027693945343808,1757027693.9453437,-0.3875750732421875,-0.20938899993896487,0.29182426452636717,0.23838165283203128,-0.6966485595703125,0.7004623031616211,0.3566382217407227,0.287707290649414,-0.26546504974365237,0.01030452728271486,0.04424659729003905,-0.308306655883789
1757027693982244850,1757027693.982245,-0.387193603515625,-0.22312191009521487,0.29258720397949217,0.2536404418945313,-0.6966485595703125,0.7004623031616211,0.3802902984619141,0.2571887588500976,-0.2894985961914063,0.01068599700927736,0.04195777893066405,-0.2735919570922851
1757027694017088245,1757027694.0170882,-0.387193603515625,-0.23876312255859378,0.29258720397949217,0.2688992309570313,-0.6966485595703125,0.7004623031616211,0.4050858306884766,0.22705265045166012,-0.3127682495117188,0.01106746673583986,0.04119483947753905,-0.24192901611328121
1757027694053770230,1757027694.0537703,-0.3875750732421875,-0.2524960327148438,0.29258720397949217,0.2833950805664063,-0.697030029296875,0.7004623031616211,0.4275925445556641,0.19958587646484371,-0.3352749633789063,0.01106746673583986,0.04081336975097655,-0.21179290771484371
1757027694088189476,1757027694.0881894,-0.387193603515625,-0.2650845336914063,0.29258720397949217,0.2948391723632813,-0.6966485595703125,0.7004623031616211,0.446285514831543,0.17593475341796871,-0.3562567520141602,0.01106746673583986,0.03928749084472655,-0.18585296630859371
1757027694123430629,1757027694.1234307,-0.3875750732421875,-0.2757656860351563,0.29258720397949217,0.3059027481079102,-0.6966485595703125,0.7004623031616211,0.4626887130737305,0.1549529647827148,-0.3741858291625977,0.01106746673583986,0.03547279357910155,-0.1652526473999023
1757027694157773301,1757027694.1577733,-0.3875750732421875,-0.2856838989257813,0.29220573425292967,0.3146765518188477,-0.6966485595703125,0.7004623031616211,0.4764216232299805,0.1354980087280273,-0.3875372695922852,0.01106746673583986,0.03318397521972655,-0.1442718124389648
1757027694192685806,1757027694.1926858,-0.3875750732421875,-0.2940771865844727,0.29258720397949217,0.3234503555297852,-0.6966485595703125,0.7004623031616211,0.488247184753418,0.11909481048583981,-0.3989813613891602,0.01106746673583986,0.03280250549316405,-0.1259612655639648
1757027694228080404,1757027694.2280803,-0.3875750732421875,-0.3005621719360352,0.29258720397949217,0.3314612197875977,-0.6966485595703125,0.7004623031616211,0.5008356857299805,0.10383602142333981,-0.4069931793212891,0.01106746673583986,0.03280250549316405,-0.1122274017333984
1757027694264473130,1757027694.2644732,-0.3875750732421875,-0.3104803848266602,0.29258720397949217,0.3398535537719727,-0.6966485595703125,0.7004623031616211,0.5115177917480469,0.0866689300537109,-0.4214890289306641,0.01106746673583986,0.03280250549316405,-0.0927724456787109
1757027694301108244,1757027694.3011081,-0.387193603515625,-0.3200171279907227,0.29258720397949217,0.3512976455688477,-0.6966485595703125,0.7004623031616211,0.5256321716308594,0.0660695648193359,-0.4314072418212891,0.01106746673583986,0.03203956604003905,-0.0702657318115234
1757027694339598487,1757027694.3395987,-0.3875750732421875,-0.3314612197875977,0.29258720397949217,0.3635056304931641,-0.6966485595703125,0.7004623031616211,0.5386021423339844,0.0431813812255859,-0.4443772125244141,0.01106746673583986,0.03013126373291014,-0.046232185363769496
1757027694376216342,1757027694.3762164,-0.3875750732421875,-0.3436682510375977,0.29258720397949217,0.3749497222900391,-0.6966485595703125,0.7004623031616211,0.5561497497558594,0.018766365051269496,-0.4596360015869141,0.01106746673583986,0.02784244537353514,-0.021818122863769496
1757027694411176218,1757027694.4111762,-0.3875750732421875,-0.3547318267822266,0.29258720397949217,0.3856308746337891,-0.697030029296875,0.7004623031616211,0.5740797805786133,-0.004121818542480504,-0.4771845626831055,0.01106746673583986,0.02707950592041014,0.004121818542480504
1757027694447876444,1757027694.4478765,-0.3875750732421875,-0.3692276763916016,0.29258720397949217,0.3993637847900391,-0.6966485595703125,0.7004623031616211,0.5901015090942383,-0.03006271362304691,-0.498928337097168,0.01106746673583986,0.02593509674072264,0.03197006225585941
1757027694482625856,1757027694.4826257,-0.3875750732421875,-0.3795273590087891,0.29258720397949217,0.4115708160400391,-0.697030029296875,0.7004623031616211,0.6099379348754883,-0.05676559448242191,-0.518001823425293,0.01106746673583986,0.02593509674072264,0.05829147338867191
1757027694517436751,1757027694.5174367,-0.387193603515625,-0.3924973297119141,0.29258720397949217,0.4237788009643555,-0.697030029296875,0.7004623031616211,0.6290123748779297,-0.08156112670898441,-0.5386021423339844,0.01106746673583986,0.02593509674072264,0.08346942901611332
1757027694552168830,1757027694.5521686,-0.3868121337890625,-0.4024155426025391,0.29258720397949217,0.435604362487793,-0.697030029296875,0.7004623031616211,0.6473229217529297,-0.10368732452392582,-0.5572941589355469,0.01106746673583986,0.02555362701416014,0.10635761260986332
1757027694590658998,1757027694.5906591,-0.387193603515625,-0.4134781646728516,0.29258720397949217,0.444759635925293,-0.697030029296875,0.7004623031616211,0.6641075897216797,-0.12657550811767582,-0.5756047058105469,0.01106746673583986,0.02555362701416014,0.13039020538330082
1757027694625157745,1757027694.6251576,-0.387193603515625,-0.4222529220581055,0.29258720397949217,0.453151969909668,-0.697030029296875,0.7004623031616211,0.6778404998779297,-0.14221576690673832,-0.5908644485473633,0.01106746673583986,0.02517215728759764,0.14793876647949222
1757027694660324805,1757027694.6603248,-0.3875750732421875,-0.4283564376831055,0.29258720397949217,0.461544303894043,-0.697030029296875,0.7004623031616211,0.6900475311279297,-0.15861991882324222,-0.6034529495239258,0.01106746673583986,0.02517215728759764,0.16472343444824222
1757027694694995218,1757027694.6949952,-0.387193603515625,-0.437130241394043,0.29258720397949217,0.469173698425293,-0.697030029296875,0.7004623031616211,0.7041628646850586,-0.17693046569824222,-0.6168043899536133,0.01106746673583986,0.02517215728759764,0.18150810241699222
1757027694731745833,1757027694.7317457,-0.3868121337890625,-0.4466669845581055,0.29258720397949217,0.479091911315918,-0.697030029296875,0.7004623031616211,0.7186587142944336,-0.19485954284667972,-0.6339705276489258,0.01106746673583986,0.02517215728759764,0.20134548187255863
1757027694768559651,1757027694.7685597,-0.3868121337890625,-0.4535334396362305,0.29258720397949217,0.4882481384277344,-0.697030029296875,0.7004623031616211,0.7339175033569336,-0.21393302917480472,-0.6469404983520508,0.01106746673583986,0.02479068756103514,0.21965602874755863
1757027694804190859,1757027694.8041909,-0.3868121337890625,-0.4649775314331055,0.29258720397949217,0.4985478210449219,-0.697030029296875,0.7004623031616211,0.7522280502319336,-0.23567775726318363,-0.6614373016357422,0.01144893646240236,0.02402774810791014,0.23949245452880863
1757027694840374715,1757027694.8403747,-0.3864306640625,-0.4748957443237305,0.29258720397949217,0.5080845642089844,-0.697030029296875,0.7004623031616211,0.769776611328125,-0.25894741058349613,-0.6774590301513672,0.01183040618896486,0.02364627838134764,0.26352600097656254
1757027694875175702,1757027694.8751757,-0.3860491943359375,-0.4829075622558594,0.29258720397949217,0.5176213073730469,-0.697030029296875,0.7004623031616211,0.786561279296875,-0.28107360839843754,-0.6900475311279297,0.01183040618896486,0.02250186920166014,0.28183654785156254
1757027694913581259,1757027694.9135814,-0.3860491943359375,-0.4935887145996094,0.29258720397949217,0.5279209899902344,-0.697030029296875,0.7004623031616211,0.8052532958984375,-0.30319885253906254,-0.7095024871826172,0.01144893646240236,0.02212039947509764,0.30739501953125004
1757027694948483116,1757027694.948483,-0.3864306640625,-0.5031254577636719,0.29296867370605467,0.5382206726074219,-0.6966485595703125,0.7004623031616211,0.8212759780883789,-0.32608703613281254,-0.7262881088256836,0.01144893646240236,0.02097599029541014,0.32685092926025394
1757027694983083862,1757027694.9830837,-0.3868121337890625,-0.5107548522949219,0.29296867370605467,0.5485213088989258,-0.697030029296875,0.7004623031616211,0.8380606460571289,-0.34706882476806644,-0.7396395492553711,0.01106746673583986,0.02059452056884764,0.34592441558837894
1757027695017994311,1757027695.0179942,-0.3868121337890625,-0.5202915954589844,0.29296867370605467,0.5550062942504883,-0.6966485595703125,0.7004623031616211,0.8510306167602539,-0.36461643218994144,-0.7579500961303711,0.01106746673583986,0.02097599029541014,0.36766819000244144
1757027695055136054,1757027695.055136,-0.3868121337890625,-0.5286839294433594,0.29258720397949217,0.5637800979614258,-0.6966485595703125,0.7004623031616211,0.8662894058227539,-0.38559726715087894,-0.7732088851928711,0.01106746673583986,0.02021305084228514,0.38674263000488285
1757027695089343355,1757027695.0893433,-0.3868121337890625,-0.5359318542480469,0.29258720397949217,0.5740797805786133,-0.6966485595703125,0.7004623031616211,0.8834564971923828,-0.40734199523925785,-0.78885009765625,0.01106746673583986,0.01983158111572264,0.40810493469238285
1757027695124203896,1757027695.1242037,-0.3868121337890625,-0.5435622024536133,0.29258720397949217,0.5790388870239258,-0.6966485595703125,0.7004623031616211,0.8956635284423828,-0.42527107238769535,-0.8022015380859375,0.01106746673583986,0.01983158111572264,0.42565254211425785
1757027695159176623,1757027695.1591766,-0.3868121337890625,-0.5515730667114258,0.29258720397949217,0.5870497512817383,-0.697030029296875,0.7004623031616211,0.9109223175048828,-0.44320014953613285,-0.817078857421875,0.01106746673583986,0.01945011138916014,0.44548992156982425
1757027695195908014,1757027695.195908,-0.3868121337890625,-0.5557692337036133,0.29258720397949217,0.5942976760864258,-0.697030029296875,0.7004623031616211,0.9231293487548828,-0.45998481750488285,-0.827760009765625,0.01106746673583986,0.01945011138916014,0.45845989227294925
1757027695231198203,1757027695.2311983,-0.3868121337890625,-0.5576765823364258,0.29258720397949217,0.5981123733520508,-0.697030029296875,0.7004623031616211,0.9296143341064453,-0.47066692352294925,-0.833863525390625,0.01106746673583986,0.01945011138916014,0.46799663543701175
1757027695265357745,1757027695.2653577,-0.3868121337890625,-0.5614912796020508,0.29258720397949217,0.6011641311645508,-0.697030029296875,0.7004623031616211,0.9380066680908203,-0.48287395477294925,-0.8414938735961914,0.01106746673583986,0.01945011138916014,0.47715190887451175
1757027695300465712,1757027695.3004656,-0.3868121337890625,-0.5633986282348633,0.29258720397949217,0.6045973587036133,-0.697030029296875,0.7004623031616211,0.9441111373901367,-0.49088481903076175,-0.8456900405883789,0.01106746673583986,0.01945011138916014,0.48325542449951175
1757027695336847733,1757027695.3368475,-0.3868121337890625,-0.5683577346801758,0.29258720397949217,0.6091759490966797,-0.697030029296875,0.7004623031616211,0.9521220016479492,-0.5011845016479493,-0.8525564956665039,0.01106746673583986,0.01945011138916014,0.49164775848388675
1757027695371597811,1757027695.3715978,-0.3868121337890625,-0.5759871292114258,0.29296867370605467,0.6129906463623047,-0.697030029296875,0.7004623031616211,0.9605143356323242,-0.5141544723510743,-0.8655264663696289,0.01106746673583986,0.01983158111572264,0.5019474411010743
1757027695406624760,1757027695.4066248,-0.3868121337890625,-0.5786574172973633,0.29258720397949217,0.6210015106201172,-0.697030029296875,0.7004623031616211,0.9727213668823242,-0.5305586242675782,-0.8720114517211914,0.01106746673583986,0.01945011138916014,0.5080519104003907
1757027695443229503,1757027695.4432294,-0.3860491943359375,-0.5809462356567383,0.29296867370605467,0.6274864959716797,-0.697030029296875,0.7004623031616211,0.9803507614135742,-0.5427656555175782,-0.8853628921508789,0.01144893646240236,0.01983158111572264,0.5320845031738282
1757027695478189266,1757027695.4781892,-0.385667724609375,-0.5859053421020508,0.29296867370605467,0.6309197235107422,-0.697030029296875,0.7004623031616211,0.9914133834838867,-0.5587873840332032,-0.8956625747680664,0.01106746673583986,0.01945011138916014,0.5481062316894532
1757027695514568121,1757027695.514568,-0.385667724609375,-0.5912459182739258,0.29296867370605467,0.6343529510498047,-0.697030029296875,0.7004623031616211,0.9956095504760742,-0.5641279602050782,-0.9055817413330078,0.01106746673583986,0.01983158111572264,0.5633650207519532
1757027695551091197,1757027695.5510912,-0.385667724609375,-0.5969679641723633,0.29296867370605467,0.6377861785888672,-0.697030029296875,0.7004623031616211,1.0032389450073242,-0.5751905822753907,-0.9166443634033203,0.01106746673583986,0.01983158111572264,0.5778618240356446
1757027695586348368,1757027695.5863483,-0.385667724609375,-0.6000197219848633,0.29296867370605467,0.6389305877685547,-0.697030029296875,0.7004623031616211,1.0078175354003907,-0.5820570373535157,-0.9208405303955078,0.01106746673583986,0.01983158111572264,0.5835838699340821
1757027695620661409,1757027695.6206615,-0.385667724609375,-0.6007826614379883,0.29296867370605467,0.6396935272216797,-0.697030029296875,0.7004623031616211,1.0104878234863282,-0.5851087951660157,-0.9257996368408203,0.01106746673583986,0.01983158111572264,0.5885429763793946
1757027695655600284,1757027695.6556003,-0.385667724609375,-0.6034539031982422,0.29296867370605467,0.6423638153076172,-0.697030029296875,0.7004623031616211,1.0143025207519532,-0.5873976135253907,-0.9299958038330078,0.01144893646240236,0.01983158111572264,0.5942650222778321
1757027695694181451,1757027695.6941814,-0.385667724609375,-0.6034539031982422,0.29296867370605467,0.6423638153076172,-0.697030029296875,0.7004623031616211,1.0143025207519532,-0.5873976135253907,-0.9315216827392578,0.01144893646240236,0.01983158111572264,0.5973167800903321
1757027695731162435,1757027695.7311623,-0.3860491943359375,-0.6038353729248047,0.29296867370605467,0.6427452850341797,-0.697030029296875,0.7004623031616211,1.0143025207519532,-0.5873976135253907,-0.9349549102783203,0.01144893646240236,0.01983158111572264,0.6045647048950196
1757027695767593919,1757027695.767594,-0.3852853012084961,-0.6034539031982422,0.29296867370605467,0.6427452850341797,-0.697030029296875,0.7004623031616211,1.0143025207519532,-0.5870161437988282,-0.9353363800048828,0.01221187591552736,0.01983158111572264,0.6049461746215821
1757027695802358683,1757027695.8023589,-0.3833779525756836,-0.6034539031982422,0.29296867370605467,0.6427452850341797,-0.697030029296875,0.7004623031616211,1.0143025207519532,-0.5866346740722657,-0.9341919708251953,0.01411922454833986,0.02212039947509764,0.6045647048950196
1757027695837305557,1757027695.8373055,-0.3765114974975586,-0.6026900100708008,0.29449455261230467,0.6427452850341797,-0.697030029296875,0.7004623031616211,1.0143025207519532,-0.5862532043457032,-0.9338105010986328,0.01717098236083986,0.02631656646728514,0.6030388259887696
1757027695872159709,1757027695.8721597,-0.3639229965209961,-0.5988753128051758,0.30555717468261717,0.6423638153076172,-0.697030029296875,0.7004623031616211,1.0143025207519532,-0.5851087951660157,-0.9231293487548828,0.02518184661865236,0.02898685455322264,0.5893059158325196
1757027695907147398,1757027695.9071474,-0.3501900863647461,-0.5885756301879883,0.3215798568725586,0.6366417694091797,-0.6974114990234375,0.7004623031616211,1.0139210510253907,-0.5809126281738282,-0.8971884536743164,0.03815181732177736,0.03776161193847655,0.5515394592285157
1757027695941749329,1757027695.9417493,-0.3280648422241211,-0.5725539016723633,0.3429421615600586,0.6210015106201172,-0.697030029296875,0.7004623031616211,1.0009501266479492,-0.5606947326660157,-0.8559897232055664,0.04730709075927736,0.04996864318847655,0.49202922821044925
1757027695978955664,1757027695.9789557,-0.30860893249511717,-0.5481398391723633,0.3585824203491211,0.5954420852661133,-0.697030029296875,0.7004623031616211,0.9719584274291992,-0.5152988815307618,-0.79495361328125,0.06294734954833986,0.06179420471191405,0.40352729797363285
1757027696013446298,1757027696.0134463,-0.30403129577636717,-0.5164768981933594,0.3696450424194336,0.5660689163208008,-0.6966485595703125,0.7000808334350586,0.9315216827392578,-0.44815925598144535,-0.7259066390991211,0.06828887939453127,0.07056800842285155,0.30167297363281254
1757027696048435801,1757027696.0484357,-0.30364982604980467,-0.4741328048706055,0.3768939208984375,0.5302098083496094,-0.6966485595703125,0.7000808334350586,0.8758261489868164,-0.36270908355712894,-0.6484663772583008,0.07439239501953127,0.07705299377441405,0.19486049652099613
1757027696082800693,1757027696.0828006,-0.30403129577636717,-0.430263786315918,0.3761309814453125,0.4836705017089844,-0.6966485595703125,0.7004623031616211,0.8067791748046875,-0.26428798675537113,-0.5736973571777344,0.07706268310546877,0.08086769104003905,0.09567646026611332
1757027696117563159,1757027696.1175632,-0.30479423522949217,-0.3921158599853516,0.37574951171875,0.4253046798706055,-0.6966485595703125,0.7004623031616211,0.7239992904663086,-0.15327838897705082,-0.512661247253418,0.08011444091796877,0.08086769104003905,0.01480392456054691
1757027696152564681,1757027696.1525648,-0.30670158386230467,-0.3657944488525391,0.3665932846069336,0.3703720855712891,-0.6966485595703125,0.7004623031616211,0.6354973602294922,-0.04188827514648441,-0.474514274597168,0.08087738037109377,0.07476417541503905,-0.033643684387206996
1757027696189467478,1757027696.1894674,-0.3414162826538086,-0.3509161758422852,0.3242501449584961,0.3429053115844727,-0.6966485595703125,0.7004623031616211,0.5763685989379883,0.021055183410644496,-0.4626877593994141,0.05112178802490236,0.04233924865722655,-0.041654548645019496
1757027696224540833,1757027696.224541,-0.3929156494140625,-0.3478644180297852,0.27046195983886717,0.3421423721313477,-0.6966485595703125,0.7004623031616211,0.5729353713989258,0.019147834777831996,-0.479091911315918,0.00954158782958986,0.0007580947875976407,-0.0012187576293944957
1757027696260789187,1757027696.2607892,-0.4104632568359375,-0.3745682525634766,0.22163288116455077,0.3535864639282227,-0.6966485595703125,0.7004623031616211,0.6019270706176758,-0.04150680541992191,-0.5336430358886719,-0.024791641235351547,-0.02975948333740236,0.08728412628173832
1757027696295956393,1757027696.2959564,-0.4104632568359375,-0.4169123458862305,0.21133319854736327,0.3780014801025391,-0.697030029296875,0.7004623031616211,0.6499932098388672,-0.15289691925048832,-0.6049788284301758,-0.016017837524414047,-0.035863952636718766,0.19714931488037113
1757027696332781950,1757027696.3327818,-0.4104632568359375,-0.453914909362793,0.22354022979736327,0.3997452545166016,-0.69779296875,0.7004623031616211,0.7201845932006836,-0.29633239746093754,-0.6751702117919922,-0.011821670532226547,-0.034338073730468766,0.31693176269531254
1757027696367531342,1757027696.3675313,-0.4081744384765625,-0.4581110763549805,0.25634757995605467,0.4119522857666016,-0.6981744384765625,0.7004623031616211,0.7991497802734375,-0.42755989074707035,-0.7304842758178711,0.006108360290527359,-0.02174861907958986,0.41916755676269535
1757027696402228901,1757027696.402229,-0.3776559066772461,-0.437130241394043,0.27923576354980467,0.4237788009643555,-0.69779296875,0.7004623031616211,0.8613302993774414,-0.5214023971557618,-0.7583315658569336,0.03204830169677736,0.005717201232910141,0.48478130340576175
1757027696438751643,1757027696.4387517,-0.3479012680053711,-0.4176752853393555,0.3139504623413086,0.436367301940918,-0.69779296875,0.7004623031616211,0.8937561798095703,-0.5675611877441407,-0.7617647933959961,0.06027706146240236,0.03203956604003905,0.5023289108276368
1757027696475413941,1757027696.475414,-0.31166069030761717,-0.4192011642456055,0.3540047836303711,0.4443781661987305,-0.6974114990234375,0.7004623031616211,0.8990967559814453,-0.5690870666503907,-0.7529909896850586,0.07858856201171877,0.05225746154785155,0.48287395477294925
1757027696512213349,1757027696.5122132,-0.28381340026855467,-0.4283564376831055,0.3822344970703125,0.452389030456543,-0.6974114990234375,0.7004623031616211,0.8731558609008789,-0.5183506393432618,-0.7178957748413086,0.08888824462890627,0.05721656799316405,0.40963081359863285
1757027696546702149,1757027696.5467021,-0.27770988464355467,-0.4642145919799805,0.3852862548828125,0.466121940612793,-0.6974114990234375,0.7004623031616211,0.8247092056274414,-0.42717842102050785,-0.6740258026123047,0.09003265380859377,0.05607215881347655,0.30701354980468754
1757027696581608708,1757027696.5816088,-0.27885429382324217,-0.475277214050293,0.3860491943359375,0.469936637878418,-0.697030029296875,0.7004623031616211,0.759095458984375,-0.31426147460937504,-0.6301558303833008,0.08850677490234377,0.05035011291503905,0.21202663421630863
1757027696616572878,1757027696.6165729,-0.29678337097167967,-0.4390375900268555,0.3681191635131836,0.431026725769043,-0.692452392578125,0.7004623031616211,0.6747887420654297,-0.20020011901855472,-0.5668309020996094,0.08011444091796877,0.04005043029785155,0.13229850769042972
1757027696651001548,1757027696.6510017,-0.32272331237792967,-0.3989823150634766,0.3402718734741211,0.3921158599853516,-0.695504150390625,0.7004623031616211,0.6023085403442383,-0.11474994659423832,-0.5130427169799805,0.06294734954833986,0.02212039947509764,0.06820968627929691
1757027696686150699,1757027696.6861506,-0.3547677230834961,-0.3741867828369141,0.30860893249511717,0.3665573883056641,-0.6966485595703125,0.7008437728881836,0.5614903259277344,-0.07240585327148441,-0.488247184753418,0.04082210540771486,-0.0007677841186523593,0.04951766967773441
1757027696720888776,1757027696.7208889,-0.396348876953125,-0.3688462066650391,0.26931755065917967,0.3593094635009766,-0.6966485595703125,0.7004623031616211,0.5576756286621094,-0.07011703491210941,-0.4954951095581055,0.01144893646240236,-0.02937801361083986,0.06859210968017582
1757027696757482296,1757027696.7574823,-0.4108447265625,-0.3814347076416016,0.23116962432861327,0.3528235244750977,-0.6966485595703125,0.7008437728881836,0.5679762649536133,-0.09682086944580082,-0.5374577331542969,-0.015254898071289047,-0.053411560058593766,0.12924579620361332
1757027696794020742,1757027696.794021,-0.4108447265625,-0.4138596343994141,0.22582904815673827,0.3528235244750977,-0.6966485595703125,0.7008437728881836,0.6080305862426758,-0.16205314636230472,-0.6042158889770508,-0.022121353149414047,-0.06256683349609377,0.21622280120849613
1757027696828873486,1757027696.8288734,-0.4104632568359375,-0.4405634689331055,0.23078815460205077,0.3600724029541016,-0.697030029296875,0.7008437728881836,0.6732628631591797,-0.25665859222412113,-0.6633446502685547,-0.020214004516601547,-0.061803894042968766,0.29938415527343754
1757027696865560580,1757027696.8655605,-0.4104632568359375,-0.4481928634643555,0.24986259460449217,0.3898270416259766,-0.69779296875,0.7004623031616211,0.7480318832397461,-0.35164646148681644,-0.7091210174560547,-0.011058731079101547,-0.046545104980468766,0.37110141754150394
1757027696900509935,1757027696.9005098,-0.4097003173828125,-0.4436152267456055,0.26741020202636717,0.427974967956543,-0.69779296875,0.7008437728881836,0.8105938720703125,-0.42031196594238285,-0.7247622299194336,0.01945980072021486,-0.01602657318115236,0.40657905578613285
1757027696935190734,1757027696.9351907,-0.397874755859375,-0.4283564376831055,0.30212394714355467,0.4672663497924805,-0.6981744384765625,0.7004623031616211,0.8559897232055664,-0.45922187805175785,-0.7243807601928711,0.05112178802490236,0.01754276275634764,0.40924934387207035
1757027696969972867,1757027696.969973,-0.3536233139038086,-0.421108512878418,0.3437051010131836,0.4996922302246094,-0.6981744384765625,0.7004623031616211,0.8743002700805664,-0.46570686340332035,-0.7091210174560547,0.08354766845703127,0.05111305236816405,0.38979438781738285
1757027697004960370,1757027697.0049603,-0.31814567565917967,-0.4207270431518555,0.3814715576171875,0.5077030944824219,-0.69779296875,0.7008437728881836,0.8716299819946289,-0.44510749816894535,-0.6774590301513672,0.10643585205078127,0.07400123596191405,0.33524326324462894
1757027697039661354,1757027697.0396614,-0.30288688659667967,-0.421108512878418,0.3955859375,0.5004551696777344,-0.6974114990234375,0.7004623031616211,0.8319571304321289,-0.38826755523681644,-0.6332075881958008,0.11597259521484377,0.08086769104003905,0.25475124359130863
1757027697074910652,1757027697.0749106,-0.30555717468261717,-0.4207270431518555,0.3955859375,0.4741328048706055,-0.6974114990234375,0.7008437728881836,0.7739727783203125,-0.31082824707031254,-0.5843785095214844,0.11520965576171877,0.07667152404785155,0.16891960144042972
1757027697111310597,1757027697.1113105,-0.3273019027709961,-0.3989823150634766,0.379564208984375,0.4306452560424805,-0.6974114990234375,0.7004623031616211,0.6869957733154297,-0.20172599792480472,-0.5336430358886719,0.09728057861328127,0.05530921936035155,0.09834674835205082
1757027697148278041,1757027697.148278,-0.3681191635131836,-0.3661759185791016,0.3353127670288086,0.3890641021728516,-0.6974114990234375,0.7004623031616211,0.6057417678833008,-0.10712055206298832,-0.4893915939331055,0.06752498626708986,0.02288333892822264,0.04799179077148441
1757027697184586301,1757027697.1845863,-0.40931884765625,-0.3490088272094727,0.27618400573730467,0.3589279937744141,-0.6974114990234375,0.7004623031616211,0.5603459167480469,-0.05867294311523441,-0.4779475021362305,0.02594478607177736,-0.01907833099365236,0.03578475952148441
1757027697219824043,1757027697.219824,-0.4104632568359375,-0.3505347061157227,0.23841754913330077,0.3501532363891602,-0.6974114990234375,0.7008437728881836,0.5580570983886719,-0.06019882202148441,-0.498928337097168,-0.006099624633789047,-0.050741271972656266,0.06477645874023441
1757027697254201287,1757027697.2542014,-0.4104632568359375,-0.3749497222900391,0.23956195831298827,0.3459570693969727,-0.6974114990234375,0.7004623031616211,0.5798018264770508,-0.11055377960205082,-0.5458500671386719,-0.015636367797851547,-0.053411560058593766,0.12352375030517582
1757027697288902604,1757027697.2889028,-0.4104632568359375,-0.4012711334228516,0.24909870147705077,0.3535864639282227,-0.6974114990234375,0.7004623031616211,0.6431267547607422,-0.20134452819824222,-0.5977309036254883,-0.015636367797851547,-0.047689514160156266,0.19943813323974613
1757027697325895067,1757027697.325895,-0.4104632568359375,-0.418819694519043,0.26321403503417967,0.3940232086181641,-0.69779296875,0.7008437728881836,0.7239992904663086,-0.30968383789062504,-0.6499922561645508,-0.001521987915039047,-0.037008361816406266,0.28221801757812504
1757027697360961624,1757027697.3609614,-0.410081787109375,-0.421108512878418,0.28152458190917967,0.434841423034668,-0.6981744384765625,0.7004623031616211,0.7945721435546875,-0.39475254058837894,-0.6892845916748047,0.02098567962646486,-0.01335628509521486,0.35012058258056644
1757027697395445367,1757027697.3954453,-0.39711181640625,-0.418819694519043,0.30441276550292967,0.4649775314331055,-0.6981744384765625,0.7004623031616211,0.8453085708618164,-0.45082954406738285,-0.7041619110107422,0.04883296966552736,0.01563541412353514,0.38330940246582035
1757027697434108754,1757027697.4341087,-0.3566750717163086,-0.4085190582275391,0.3475197982788086,0.4836705017089844,-0.6981744384765625,0.7004623031616211,0.8651449966430664,-0.46723274230957035,-0.6999657440185547,0.07820709228515627,0.04615394592285155,0.37873081207275394
1757027697468833757,1757027697.4688337,-0.31776420593261717,-0.4066117095947266,0.3868121337890625,0.4966404724121094,-0.69779296875,0.7004623031616211,0.8647635269165039,-0.45731452941894535,-0.6732628631591797,0.10300262451171877,0.07209388732910155,0.33638767242431644
1757027697505530775,1757027697.5055308,-0.29335014343261717,-0.4024155426025391,0.3982562255859375,0.4989292907714844,-0.69779296875,0.7004623031616211,0.8403494644165039,-0.40276340484619144,-0.6271040725708008,0.12398345947265627,0.09154884338378905,0.26123718261718754
1757027697542426312,1757027697.5424263,-0.29754631042480467,-0.3944046783447266,0.3967303466796875,0.480617790222168,-0.69779296875,0.7000808334350586,0.7884686279296875,-0.32570556640625004,-0.5618717956542969,0.12360198974609377,0.09269325256347655,0.16014579772949222
1757027697578855924,1757027697.578856,-0.30517570495605467,-0.3837235260009766,0.3967303466796875,0.440181999206543,-0.69779296875,0.7004623031616211,0.7133181381225586,-0.22537807464599613,-0.508083610534668,0.11978729248046877,0.08887855529785155,0.07202533721923832
1757027697617469515,1757027697.6174695,-0.3292092514038086,-0.3535874176025391,0.377275390625,0.3963120269775391,-0.6974114990234375,0.7004623031616211,0.6278670120239258,-0.12123493194580082,-0.4596360015869141,0.10834320068359377,0.06713478088378905,0.01060775756835941
1757027697652251980,1757027697.652252,-0.3719338607788086,-0.3383276748657227,0.3349312973022461,0.3703720855712891,-0.6974114990234375,0.7004623031616211,0.5725539016723633,-0.06515792846679691,-0.4432328033447266,0.06828887939453127,0.02517215728759764,-0.008466682434081996
1757027697688759684,1757027697.6887598,-0.4119891357421875,-0.3383276748657227,0.26588432312011717,0.3589279937744141,-0.6974114990234375,0.7004623031616211,0.5580570983886719,-0.05638412475585941,-0.4600174713134766,0.01259334564208986,-0.02937801361083986,0.01747421264648441
1757027697725660943,1757027697.725661,-0.4108447265625,-0.3600724029541016,0.21858112335205077,0.3574011611938477,-0.6974114990234375,0.7004623031616211,0.5679762649536133,-0.08537582397460941,-0.5168574142456055,-0.024791641235351547,-0.06523712158203127,0.08881000518798832
1757027697762649314,1757027697.7626493,-0.4108447265625,-0.3917343902587891,0.20980731964111327,0.3570196914672852,-0.6974114990234375,0.7004623031616211,0.6126082229614258,-0.16205314636230472,-0.5817082214355469,-0.03966896057128905,-0.07591827392578127,0.17502311706542972
1757027697799680980,1757027697.799681,-0.4108447265625,-0.4153855133056641,0.22392169952392577,0.3684647369384766,-0.69779296875,0.7004623031616211,0.6805107879638672,-0.26047328948974613,-0.6358778762817383,-0.03356544494628905,-0.06943328857421877,0.25627807617187504
1757027697833594446,1757027697.8335943,-0.4104632568359375,-0.4207270431518555,0.25634757995605467,0.4005081939697266,-0.69779296875,0.7004623031616211,0.7514651107788086,-0.35050205230712894,-0.6736443328857422,-0.004573745727539047,-0.038915710449218766,0.32074741363525394
1757027697868704004,1757027697.868704,-0.4081744384765625,-0.415767936706543,0.28343193054199217,0.441707878112793,-0.6981744384765625,0.7004623031616211,0.8128826904296875,-0.41573432922363285,-0.6854698944091797,0.03128536224365236,-0.0026751327514648593,0.35355381011962894
1757027697903591450,1757027697.9035914,-0.3776559066772461,-0.3955490875244141,0.3177651596069336,0.4794733810424805,-0.6981744384765625,0.7004623031616211,0.8472159194946289,-0.44472602844238285,-0.6801293182373047,0.06752498626708986,0.03509132385253905,0.35355381011962894
1757027697938382804,1757027697.9383829,-0.3383645248413086,-0.3909714508056641,0.3631600570678711,0.4993107604980469,-0.69779296875,0.7004623031616211,0.8506491470336914,-0.43480781555175785,-0.6591484832763672,0.10033233642578127,0.07094947814941405,0.32341770172119144
1757027697973144584,1757027697.9731445,-0.30441276550292967,-0.3894455718994141,0.3936785888671875,0.5015995788574219,-0.69779296875,0.7004623031616211,0.8315756607055664,-0.38864902496337894,-0.6152785110473633,0.12131317138671877,0.09154884338378905,0.25475124359130863
1757027698007707531,1757027698.0077076,-0.30555717468261717,-0.3764756011962891,0.394822998046875,0.4779475021362305,-0.69779296875,0.7004623031616211,0.78274658203125,-0.32341674804687504,-0.5519535827636719,0.12093170166015627,0.09154884338378905,0.15747550964355472
1757027698042928180,1757027698.0429282,-0.30975334167480467,-0.3677017974853516,0.3929156494140625,0.439419059753418,-0.69779296875,0.7004623031616211,0.7083590316772461,-0.22575954437255863,-0.493587760925293,0.11902435302734377,0.08544532775878905,0.06363204956054691
1757027698077344755,1757027698.0773447,-0.3345498275756836,-0.3482458877563477,0.376512451171875,0.3944046783447266,-0.6974114990234375,0.7004623031616211,0.6175673294067383,-0.11322406768798832,-0.4516251373291016,0.10033233642578127,0.05912391662597655,-0.0019816970825194957
1757027698114045958,1757027698.1140459,-0.3837594223022461,-0.3203985977172852,0.3227242660522461,0.3604538726806641,-0.6974114990234375,0.7004623031616211,0.5469944763183594,-0.029298820495605504,-0.4192002105712891,0.06294734954833986,0.02059452056884764,-0.034025154113769496
1757027698149440162,1757027698.1494403,-0.4104632568359375,-0.3154394912719727,0.26626579284667967,0.3444311904907227,-0.6974114990234375,0.7004623031616211,0.5218174743652344,-0.006410636901855504,-0.4180558013916016,0.02098567962646486,-0.02251155853271486,-0.029447517395019496
1757027698185902439,1757027698.1859024,-0.4104632568359375,-0.3215430068969727,0.23536579132080077,0.3375647354125977,-0.6974114990234375,0.7008437728881836,0.5195286560058594,-0.018999137878418004,-0.4539139556884766,-0.009151382446289047,-0.050741271972656266,0.01709274291992191
1757027698221016792,1757027698.221017,-0.4108447265625,-0.3448126602172852,0.24108783721923827,0.3379462051391602,-0.6974114990234375,0.7004623031616211,0.5592015075683594,-0.07736495971679691,-0.4985468673706055,-0.013347549438476547,-0.048833923339843766,0.07927326202392582
1757027698255320571,1757027698.2553205,-0.4104632568359375,-0.3665573883056641,0.25215141296386717,0.3688462066650391,-0.69779296875,0.7004623031616211,0.6320641326904297,-0.17464164733886722,-0.5481388854980469,0.001911239624023453,-0.037389831542968766,0.15404228210449222
1757027698291709200,1757027698.2917092,-0.410081787109375,-0.3699906158447266,0.27542106628417967,0.4192002105712891,-0.6981744384765625,0.7004623031616211,0.7213290023803711,-0.28336242675781254,-0.5962050247192383,0.03204830169677736,-0.005345420837402359,0.23567775726318363
1757027698326715553,1757027698.3267157,-0.396348876953125,-0.3680832672119141,0.30517570495605467,0.4665034103393555,-0.6981744384765625,0.7004623031616211,0.7983868408203125,-0.36804965972900394,-0.6263411331176758,0.06790740966796877,0.03432838439941405,0.29633239746093754
1757027698361575591,1757027698.3615756,-0.3570565414428711,-0.3551132965087891,0.3479012680053711,0.4981663513183594,-0.6981744384765625,0.7004623031616211,0.8464529800415039,-0.42336372375488285,-0.6366408157348633,0.10109527587890627,0.07285682678222655,0.32379917144775394
1757027698395973204,1757027698.3959732,-0.31356803894042967,-0.3364203262329102,0.394822998046875,0.5031254577636719,-0.6981744384765625,0.7004623031616211,0.8590414810180664,-0.43900398254394535,-0.6263411331176758,0.13008697509765627,0.10375682830810545,0.31769470214843754
1757027698431213760,1757027698.4312139,-0.28114311218261717,-0.3062842178344727,0.401689453125,0.4916813659667969,-0.6974114990234375,0.7004623031616211,0.8510306167602539,-0.43175605773925785,-0.5851414489746094,0.15106876373291017,0.12626354217529295,0.26848510742187504
1757027698467776000,1757027698.467776,-0.27961723327636717,-0.2727139282226563,0.4005450439453125,0.4726069259643555,-0.69779296875,0.6966476058959961,0.8105938720703125,-0.36614231109619144,-0.514950065612793,0.16747196197509767,0.13808910369873045,0.18074516296386722
1757027698504442592,1757027698.5044427,-0.28343193054199217,-0.2635586547851563,0.397874755859375,0.437893180847168,-0.69779296875,0.6970290756225586,0.7342989730834961,-0.26619533538818363,-0.4562027740478516,0.16442020416259767,0.13160411834716795,0.08041767120361332
1757027698541263183,1757027698.541263,-0.29296867370605467,-0.2757656860351563,0.3974932861328125,0.3913529205322266,-0.69779296875,0.7008437728881836,0.6412194061279297,-0.14526752471923832,-0.4195816802978516,0.14191349029541017,0.10108654022216795,-0.0027446365356444957
1757027698575820240,1757027698.5758202,-0.3250130844116211,-0.2944586563110352,0.384141845703125,0.3558752822875977,-0.69779296875,0.7008437728881836,0.5599644470214844,-0.04951766967773441,-0.3936407852172852,0.10643585205078127,0.06293861389160155,-0.0633992767333984
1757027698612379240,1757027698.612379,-0.3711709213256836,-0.2902615356445313,0.3292092514038086,0.3284094619750977,-0.69779296875,0.7008437728881836,0.499691276550293,0.018766365051269496,-0.3810522842407227,0.06256587982177736,0.01830570220947264,-0.0805654144287109
1757027698647163519,1757027698.6471634,-0.4112261962890625,-0.2902615356445313,0.26893608093261717,0.3162024307250977,-0.6974114990234375,0.7008437728881836,0.479854850769043,0.0336446380615234,-0.3860113906860352,0.01717098236083986,-0.02670772552490236,-0.0649251556396484
1757027698684022703,1757027698.6840227,-0.4108447265625,-0.3135321426391602,0.23269550323486327,0.3150580215454102,-0.6974114990234375,0.7008437728881836,0.492824821472168,0.0035075759887694957,-0.4382736968994141,-0.017162246704101547,-0.054174499511718766,0.005647697448730504
1757027698718852926,1757027698.7188528,-0.4104632568359375,-0.3497717666625977,0.23841754913330077,0.3165839004516602,-0.6974114990234375,0.7008437728881836,0.5485203552246094,-0.08575729370117191,-0.5069392013549805,-0.017925186157226547,-0.056463317871093766,0.09491352081298832
1757027698755659184,1757027698.7556593,-0.4104632568359375,-0.3745682525634766,0.25291435241699217,0.3390906143188477,-0.69779296875,0.7008437728881836,0.6320641326904297,-0.20172599792480472,-0.5698826599121094,-0.013729019165039047,-0.046545104980468766,0.18379692077636722
1757027698791985369,1757027698.7919855,-0.40931884765625,-0.3738053131103516,0.27542106628417967,0.3780014801025391,-0.6981744384765625,0.7008437728881836,0.7159884262084961,-0.30434326171875004,-0.6087935256958008,0.01869686126708986,-0.01793392181396486,0.25246242523193363
1757027698825596019,1757027698.8255959,-0.3913897705078125,-0.3593094635009766,0.30708305358886717,0.4111893463134766,-0.6981744384765625,0.7008437728881836,0.7701580810546875,-0.36614231109619144,-0.6183302688598633,0.05226619720458986,0.01754276275634764,0.28336242675781254
1757027698859725392,1757027698.8597252,-0.3448495101928711,-0.3261206436157227,0.3566750717163086,0.4230158615112305,-0.6981744384765625,0.7008437728881836,0.791138916015625,-0.38483432769775394,-0.6023085403442383,0.09499176025390627,0.06217567443847655,0.27916625976562504
1757027698894326652,1757027698.8943264,-0.29373161315917967,-0.2921698379516602,0.3997821044921875,0.421871452331543,-0.69779296875,0.7008437728881836,0.788087158203125,-0.37300876617431644,-0.5565312194824219,0.13619144439697267,0.10528270721435545,0.22995571136474613
1757027698931206910,1757027698.931207,-0.26702873229980467,-0.2593624877929688,0.4051226806640625,0.4222529220581055,-0.6974114990234375,0.7008437728881836,0.76291015625,-0.31922058105468754,-0.4901545333862305,0.16899784088134767,0.14037792205810545,0.14793876647949222
1757027698967917743,1757027698.967918,-0.26969902038574217,-0.23952606201171878,0.4051226806640625,0.4180558013916016,-0.69779296875,0.7008437728881836,0.7136996078491211,-0.22804836273193363,-0.4222519683837891,0.17128665924072267,0.14571849822998045,0.05104354858398441
1757027699003222669,1757027699.0032227,-0.29144279479980467,-0.24143341064453128,0.403978271484375,0.3818161773681641,-0.6981744384765625,0.7008437728881836,0.6377861785888672,-0.12657550811767582,-0.3753302383422852,0.16480167388916017,0.13122264862060545,-0.034025154113769496
1757027699039398761,1757027699.0393987,-0.31471244812011717,-0.2540219116210938,0.3921527099609375,0.3436682510375977,-0.6981744384765625,0.7008437728881836,0.5557682800292969,-0.028535881042480504,-0.3451941299438477,0.13733585357666017,0.10032360076904295,-0.0977315521240234
1757027699074231612,1757027699.0742316,-0.3479012680053711,-0.2647030639648438,0.3601082992553711,0.3211615371704102,-0.69779296875,0.7008437728881836,0.501217155456543,0.027158699035644496,-0.3413794326782227,0.09613616943359377,0.05302040100097655,-0.1152791595458984
1757027699110861129,1757027699.110861,-0.394822998046875,-0.2696621704101563,0.29373161315917967,0.3116247940063477,-0.69779296875,0.7008437728881836,0.4817621994018555,0.0366963958740234,-0.3516791152954102,0.04005916595458986,-0.0030566024780273593,-0.0977315521240234
1757027699149638680,1757027699.1496387,-0.4108447265625,-0.2994177627563477,0.23727313995361327,0.3146765518188477,-0.69779296875,0.7008437728881836,0.5046513366699219,-0.0029774093627930043,-0.4169113922119141,-0.000759048461914047,-0.042348937988281266,-0.014570198059081996
1757027699184479273,1757027699.1844792,-0.4108447265625,-0.3402350234985352,0.23536579132080077,0.3203985977172852,-0.69779296875,0.7008437728881836,0.5641606140136719,-0.09605792999267582,-0.4939692306518555,-0.016399307250976547,-0.051122741699218766,0.08308795928955082
1757027699219698328,1757027699.2196984,-0.4104632568359375,-0.3654129791259766,0.25367729187011717,0.3490088272094727,-0.6981744384765625,0.7008437728881836,0.6480858612060547,-0.21164421081542972,-0.5592015075683594,-0.006862564086914047,-0.041585998535156266,0.17616752624511722
1757027699256221993,1757027699.256222,-0.40779296875,-0.3654129791259766,0.28686515808105467,0.3902085113525391,-0.6981744384765625,0.7008437728881836,0.7396395492553711,-0.32227233886718754,-0.5988753128051758,0.03510005950927736,0.0015210342407226407,0.25284389495849613
1757027699292816584,1757027699.2928166,-0.3677376937866211,-0.3360388565063477,0.3284463119506836,0.436367301940918,-0.6981744384765625,0.7008437728881836,0.8105938720703125,-0.39894870758056644,-0.6072676467895508,0.08469207763671877,0.05454627990722655,0.29022888183593754
1757027699327381362,1757027699.3273811,-0.32081596374511717,-0.3158209609985352,0.385667724609375,0.470699577331543,-0.6981744384765625,0.7008437728881836,0.8437826919555664,-0.42069343566894535,-0.6042158889770508,0.13161380767822267,0.10375682830810545,0.29404357910156254
1757027699362307158,1757027699.362307,-0.27694694519042967,-0.3116247940063477,0.402452392578125,0.4851963806152344,-0.6974114990234375,0.7008437728881836,0.8487417984008789,-0.41764167785644535,-0.5935347366333008,0.16289432525634767,0.13656322479248045,0.27687744140625004
1757027699398776157,1757027699.398776,-0.27923576354980467,-0.3135321426391602,0.4020709228515625,0.4855778503417969,-0.69779296875,0.7008437728881836,0.8350088882446289,-0.38559726715087894,-0.5706455993652344,0.16632755279541017,0.13732616424560545,0.23529628753662113
1757027699435863099,1757027699.435863,-0.29716484069824217,-0.3329870986938477,0.3997821044921875,0.473751335144043,-0.69779296875,0.7008437728881836,0.7930462646484375,-0.32761291503906254,-0.5633976745605469,0.14763553619384767,0.11710826873779295,0.20706752777099613
1757027699470852228,1757027699.4708524,-0.32043449401855467,-0.3554947662353516,0.376512451171875,0.469173698425293,-0.69779296875,0.7008437728881836,0.769013671875,-0.30472473144531254,-0.5637791442871094,0.11826141357421877,0.08544532775878905,0.20325283050537113
1757027699507255875,1757027699.5072558,-0.3414162826538086,-0.3699906158447266,0.3562936019897461,0.469936637878418,-0.6981744384765625,0.7008437728881836,0.7678692626953125,-0.30586914062500004,-0.5820896911621094,0.09880645751953127,0.06522743225097655,0.22080043792724613
1757027699541983449,1757027699.5419836,-0.3486642074584961,-0.3688462066650391,0.3444680404663086,0.4703181076049805,-0.6981744384765625,0.7008437728881836,0.7762615966796875,-0.32608703613281254,-0.5973494338989258,0.09270294189453127,0.06026832580566405,0.24407009124755863
1757027699576781949,1757027699.5767817,-0.3494271469116211,-0.3688462066650391,0.3452309799194336,0.4703181076049805,-0.6981744384765625,0.7008437728881836,0.788087158203125,-0.34363559722900394,-0.6057417678833008,0.09270294189453127,0.06103126525878905,0.26009277343750004
1757027699611256523,1757027699.6112566,-0.3486642074584961,-0.3722794342041016,0.3448495101928711,0.4733698654174805,-0.6981744384765625,0.7008437728881836,0.800294189453125,-0.35774997711181644,-0.6171858596801758,0.09270294189453127,0.06103126525878905,0.26810363769531254
1757027699648250780,1757027699.6482508,-0.3479012680053711,-0.3776200103759766,0.3452309799194336,0.4787104415893555,-0.6981744384765625,0.7008437728881836,0.804871826171875,-0.36042026519775394,-0.6202376174926758,0.09270294189453127,0.06103126525878905,0.26772216796875004
1757027699685140297,1757027699.6851401,-0.3486642074584961,-0.3879196929931641,0.3444680404663086,0.4809992599487305,-0.6981744384765625,0.7008437728881836,0.805634765625,-0.36003879547119144,-0.6251967239379883,0.09270294189453127,0.06103126525878905,0.26810363769531254
1757027699721623128,1757027699.721623,-0.3490456771850586,-0.3966934967041016,0.3444680404663086,0.4809992599487305,-0.6981744384765625,0.7008437728881836,0.805634765625,-0.36003879547119144,-0.6297743606567383,0.08965118408203127,0.05607215881347655,0.27001098632812504
1757027699758447830,1757027699.758448,-0.3498086166381836,-0.3982193756103516,0.3429421615600586,0.4809992599487305,-0.6981744384765625,0.7008437728881836,0.8052532958984375,-0.36042026519775394,-0.6347334671020508,0.08850677490234377,0.05416481018066405,0.27764038085937504
1757027699795111143,1757027699.7951112,-0.3498086166381836,-0.3974564361572266,0.3383645248413086,0.4809992599487305,-0.6981744384765625,0.7008437728881836,0.805634765625,-0.36118320465087894,-0.6362593460083008,0.08812530517578127,0.05340187072753905,0.28031066894531254
1757027699829904958,1757027699.8299048,-0.3498086166381836,-0.3982193756103516,0.3383645248413086,0.4809992599487305,-0.69779296875,0.7008437728881836,0.80716064453125,-0.36309055328369144,-0.6427443313598633,0.08850677490234377,0.05340187072753905,0.28870300292968754
1757027699866359493,1757027699.8663595,-0.3501900863647461,-0.3993637847900391,0.3379830551147461,0.4851963806152344,-0.69779296875,0.7008437728881836,0.8144085693359375,-0.37110141754150394,-0.6457960891723633,0.08774383544921877,0.05263893127441405,0.29404357910156254
1757027699901096790,1757027699.9010968,-0.3505715560913086,-0.417293815612793,0.3379830551147461,0.4981663513183594,-0.69779296875,0.7008437728881836,0.8231833267211914,-0.37682346343994144,-0.6625817108154297,0.08774383544921877,0.05225746154785155,0.30968383789062504
1757027699938013954,1757027699.938014,-0.3574380111694336,-0.447048454284668,0.3334054183959961,0.4981663513183594,-0.69779296875,0.7008437728881836,0.8228018569946289,-0.37491611480712894,-0.6850884246826172,0.07210357666015627,0.03547279357910155,0.32074741363525394
1757027699974838878,1757027699.9748387,-0.3807076644897461,-0.473751335144043,0.30364982604980467,0.4947331237792969,-0.69779296875,0.7008437728881836,0.8006756591796875,-0.35050205230712894,-0.6972954559326172,0.03929622650146486,-0.0011492538452148593,0.31884006500244144
1757027700009539989,1757027700.00954,-0.4108447265625,-0.469173698425293,0.26245109558105467,0.4771845626831055,-0.6859674072265625,0.7008437728881836,0.7491762924194336,-0.27535060882568363,-0.6889031219482422,0.01755245208740236,-0.02556331634521486,0.29518798828125004
1757027700046113634,1757027700.0461135,-0.4104632568359375,-0.4466669845581055,0.24261371612548827,0.432552604675293,-0.6592635726928711,0.7008437728881836,0.6652519989013672,-0.16586784362792972,-0.6435072708129883,0.006489830017089859,-0.038915710449218766,0.23338893890380863
1757027700082905927,1757027700.0829058,-0.4104632568359375,-0.4031784820556641,0.24375812530517577,0.3776200103759766,-0.6470565414428711,0.7008437728881836,0.5695021438598633,-0.04532150268554691,-0.5607273864746094,0.007252769470214859,-0.041967468261718766,0.12237934112548832
1757027700117369427,1757027700.1173694,-0.4104632568359375,-0.3375647354125977,0.24490253448486327,0.3409979629516602,-0.6588821029663086,0.7008437728881836,0.5054142761230469,0.0530995941162109,-0.4481919097900391,0.01717098236083986,-0.034719543457031266,-0.014951667785644496
1757027700152080537,1757027700.1520805,-0.408555908203125,-0.2620327758789063,0.26435844421386717,0.3207800674438477,-0.70542236328125,0.7008437728881836,0.489773063659668,0.09658809661865231,-0.3322232055664063,0.05913265228271486,0.00838748931884764,-0.1511382675170898
1757027700186992166,1757027700.1869922,-0.3528603744506836,-0.22274044036865237,0.30593864440917967,0.3074286270141602,-0.7012261962890625,0.7004623031616211,0.5061772155761719,0.0931539154052734,-0.26622798919677737,0.11368377685546877,0.06637184143066405,-0.21522613525390621
1757027700224119125,1757027700.224119,-0.29525749206542967,-0.22502925872802737,0.3631600570678711,0.3120062637329102,-0.7008447265625,0.7008437728881836,0.5813277053833008,0.018766365051269496,-0.27195003509521487,0.16098697662353517,0.13274852752685545,-0.20568939208984371
1757027700260852363,1757027700.2608526,-0.24948017120361327,-0.24372222900390628,0.397874755859375,0.3299353408813477,-0.7008447265625,0.7008437728881836,0.6709740447998047,-0.08384994506835941,-0.3162014770507813,0.19608314514160158,0.18310348510742186,-0.1412200546264648
1757027700295788213,1757027700.2957883,-0.23193256378173827,-0.2620327758789063,0.4013079833984375,0.3722794342041016,-0.7008447265625,0.7008437728881836,0.7438357162475586,-0.18303398132324222,-0.3745672988891602,0.19875343322753908,0.18920700073242186,-0.054243049621581996
1757027700330167732,1757027700.3301678,-0.23307697296142577,-0.3001807022094727,0.3974932861328125,0.4085190582275391,-0.7008447265625,0.7008437728881836,0.79800537109375,-0.26276210784912113,-0.4539139556884766,0.19150455474853517,0.16937057495117186,0.05066207885742191
1757027700367207987,1757027700.367208,-0.25367633819580077,-0.3409979629516602,0.377275390625,0.4192002105712891,-0.7008447265625,0.7008437728881836,0.8067791748046875,-0.30548767089843754,-0.5401280212402344,0.15106876373291017,0.11825267791748045,0.15213493347167972
1757027700403918521,1757027700.4039185,-0.30937187194824217,-0.3699906158447266,0.3238686752319336,0.3787644195556641,-0.7008447265625,0.7008437728881836,0.79190185546875,-0.32456115722656254,-0.6137526321411133,0.09079559326171877,0.05950538635253905,0.22499660491943363
1757027700439053650,1757027700.4390535,-0.3635415267944336,-0.3852494049072266,0.26931755065917967,0.3261206436157227,-0.7008447265625,0.7008437728881836,0.7468874740600586,-0.30052856445312504,-0.6251967239379883,0.03815181732177736,0.0022839736938476407,0.23491481781005863
1757027700473276427,1757027700.4732764,-0.4104632568359375,-0.3951676177978516,0.21858112335205077,0.2898800659179688,-0.7008447265625,0.7008437728881836,0.6827996063232422,-0.22652248382568363,-0.6152785110473633,-0.010295791625976547,-0.047689514160156266,0.19142631530761722
1757027700509912665,1757027700.5099125,-0.4104632568359375,-0.3749497222900391,0.19111530303955077,0.2620327758789063,-0.6951226806640625,0.7008437728881836,0.6004011917114258,-0.11246112823486332,-0.5656864929199219,-0.03318397521972655,-0.07172210693359377,0.11970905303955082
1757027700544942534,1757027700.5449426,-0.4104632568359375,-0.3394720840454102,0.19111530303955077,0.24295928955078128,-0.6844415283203125,0.7008437728881836,0.5332615661621094,-0.006029167175293004,-0.494350700378418,-0.03432838439941405,-0.07095916748046877,0.02624801635742191
1757027700579197978,1757027700.579198,-0.4104632568359375,-0.2952215957641602,0.20522968292236327,0.24105194091796878,-0.68711181640625,0.7008437728881836,0.5008356857299805,0.0702657318115234,-0.4153855133056641,-0.004955215454101547,-0.050359802246093766,-0.0820912933349609
1757027700613994718,1757027700.6139948,-0.4104632568359375,-0.2540219116210938,0.22010700225830077,0.2761471557617188,-0.7012261962890625,0.7008437728881836,0.5115177917480469,0.09925838470458981,-0.3379452514648438,0.04845149993896486,0.0030469131469726407,-0.1683044052124023
1757027700649307124,1757027700.6493073,-0.3829964828491211,-0.23685577392578128,0.25672904968261717,0.2978918838500977,-0.7008447265625,0.7008437728881836,0.5778944778442383,0.0653066253662109,-0.3135311889648438,0.10643585205078127,0.07514564514160155,-0.18432708740234371
1757027700683821049,1757027700.683821,-0.3307351303100586,-0.2517330932617188,0.31166069030761717,0.3295538711547852,-0.7008447265625,0.7008437728881836,0.6675408172607422,-0.03654769897460941,-0.3379452514648438,0.14992435455322267,0.13236705780029295,-0.1385497665405273
1757027700718641993,1757027700.718642,-0.27465812683105467,-0.2822506713867188,0.3646859359741211,0.3718979644775391,-0.7008447265625,0.7008437728881836,0.756806640625,-0.16090873718261722,-0.4020340728759766,0.17395694732666017,0.16212265014648436,-0.041654548645019496
1757027700755495638,1757027700.7554958,-0.23193256378173827,-0.3059027481079102,0.3959674072265625,0.4077561187744141,-0.7008447265625,0.7008437728881836,0.8228018569946289,-0.27649501800537113,-0.476040153503418,0.17853458404541017,0.16021530151367186,0.07316974639892582
1757027700792118912,1757027700.7921188,-0.23078815460205077,-0.3120062637329102,0.3944415283203125,0.4146225738525391,-0.7008447265625,0.7008437728881836,0.8411124038696289,-0.33524230957031254,-0.5443241882324219,0.17319400787353517,0.13618175506591795,0.16357902526855472
1757027700828579280,1757027700.8285794,-0.26397697448730467,-0.3162024307250977,0.3570565414428711,0.3665573883056641,-0.7008447265625,0.7008437728881836,0.8182242202758789,-0.33714965820312504,-0.5859043884277344,0.13161380767822267,0.09154884338378905,0.21622280120849613
1757027700865279740,1757027700.8652797,-0.32081596374511717,-0.3188727188110352,0.30212394714355467,0.3051398086547852,-0.7008447265625,0.7008437728881836,0.7594769287109375,-0.30091003417968754,-0.5885746765136719,0.07591827392578127,0.03280250549316405,0.21698574066162113
1757027700900138720,1757027700.9001389,-0.3761300277709961,-0.3249762344360352,0.24566547393798827,0.2521145629882813,-0.7004632568359375,0.7008437728881836,0.6862328338623047,-0.22614101409912113,-0.5744602966308594,0.02518184661865236,-0.01793392181396486,0.18074516296386722
1757027700936618051,1757027700.936618,-0.4108447265625,-0.3326056289672852,0.19264118194580077,0.21053340911865237,-0.7008447265625,0.7008437728881836,0.6057417678833008,-0.12619403839111332,-0.5359318542480469,-0.024410171508789047,-0.06828887939453127,0.10750202178955082
1757027700971491494,1757027700.9714916,-0.4108447265625,-0.3215430068969727,0.18005172729492186,0.18116024017333987,-0.7004632568359375,0.7008437728881836,0.5321171569824219,-0.018617668151855504,-0.4855768966674805,-0.04386512756347655,-0.09232147216796877,0.01900009155273441
1757027701008565842,1757027701.0085657,-0.4104632568359375,-0.2765286254882813,0.18119613647460936,0.17734554290771487,-0.7008447265625,0.7004623031616211,0.4794733810424805,0.0832357025146484,-0.4016516494750977,-0.03623573303222655,-0.08926971435546877,-0.0958242034912109
1757027701045259709,1757027701.0452597,-0.4104632568359375,-0.23342254638671878,0.20027057647705077,0.20023372650146487,-0.7008447265625,0.7004623031616211,0.479091911315918,0.1362609481811523,-0.3173458862304688,0.01717098236083986,-0.038534240722656266,-0.19882293701171871
1757027701079684300,1757027701.0796843,-0.4074114990234375,-0.22464778900146487,0.23040668487548827,0.2650845336914063,-0.7008447265625,0.7008437728881836,0.5351689147949219,0.1278686141967773,-0.2891171264648438,0.07362945556640627,0.02593509674072264,-0.23124786376953121
1757027701116539388,1757027701.1165395,-0.3681191635131836,-0.23151519775390628,0.26321403503417967,0.3043768692016602,-0.7008447265625,0.7008437728881836,0.6202376174926758,0.0389852142333984,-0.3062832641601563,0.11101348876953127,0.07781593322753905,-0.19424530029296871
1757027701151287034,1757027701.151287,-0.3307351303100586,-0.2601254272460938,0.30097953796386717,0.3440497207641602,-0.7008447265625,0.7008437728881836,0.6911928939819336,-0.07126144409179691,-0.3665564346313477,0.12207611083984377,0.09536449432373045,-0.1080312347412109
1757027701188035975,1757027701.1880362,-0.30403129577636717,-0.2868283081054688,0.3162392807006836,0.3715164947509766,-0.7008447265625,0.7008437728881836,0.7514651107788086,-0.17693046569824222,-0.4436142730712891,0.12856109619140627,0.09879772186279295,0.0060301208496094105
1757027701223346398,1757027701.2233465,-0.30860893249511717,-0.3039953994750977,0.31051628112792967,0.3635056304931641,-0.7008447265625,0.7004623031616211,0.7754986572265625,-0.24330715179443363,-0.516475944519043,0.11330230712890627,0.07285682678222655,0.10445026397705082
1757027701259600987,1757027701.2596009,-0.3509530258178711,-0.3181097793579102,0.26664726257324217,0.3135321426391602,-0.7008447265625,0.7008437728881836,0.7686322021484375,-0.27039150238037113,-0.5759861755371094,0.06752498626708986,0.02135746002197264,0.17693046569824222
1757027701295980520,1757027701.2959805,-0.402452392578125,-0.3242132949829102,0.21018878936767577,0.24982574462890628,-0.7008447265625,0.7008437728881836,0.7175143051147461,-0.25093654632568363,-0.5901015090942383,0.01144893646240236,-0.037389831542968766,0.19066337585449222
1757027701331005944,1757027701.331006,-0.4104632568359375,-0.3341315078735352,0.17051498413085936,0.18688228607177737,-0.7004632568359375,0.7008437728881836,0.6477043914794922,-0.18494132995605472,-0.5878117370605469,-0.03699867248535155,-0.08774383544921877,0.16624931335449222
1757027701366054201,1757027701.366054,-0.4104632568359375,-0.3448126602172852,0.15678207397460936,0.13957908630371096,-0.7008447265625,0.7008437728881836,0.5767500686645508,-0.10368732452392582,-0.5698826599121094,-0.07400218963623045,-0.12665470123291017,0.11093524932861332
1757027701401161569,1757027701.4011614,-0.4104632568359375,-0.3226874160766602,0.15678207397460936,0.11325767517089846,-0.6966485595703125,0.7008437728881836,0.5141880798339844,-0.015565910339355504,-0.5168574142456055,-0.07590953826904295,-0.13123233795166017,0.03540328979492191
1757027701436128641,1757027701.4361289,-0.4104632568359375,-0.2818692016601563,0.15792648315429686,0.11478355407714846,-0.698555908203125,0.7008437728881836,0.487484245300293,0.0553884124755859,-0.4424698638916016,-0.06560985565185545,-0.12322147369384767,-0.0588216400146484
1757027701471004972,1757027701.471005,-0.4104632568359375,-0.2502072143554688,0.16517440795898436,0.15445640563964846,-0.698555908203125,0.7008437728881836,0.4901545333862305,0.0939168548583984,-0.3726599502563477,-0.017162246704101547,-0.07973297119140627,-0.1427459335327148
1757027701505319526,1757027701.5053194,-0.4097003173828125,-0.23265960693359378,0.20141498565673827,0.22045162200927737,-0.6981744384765625,0.7008437728881836,0.5359318542480469,0.09811397552490231,-0.3242123413085938,0.04196651458740236,-0.01678951263427736,-0.19958587646484371
1757027701542356244,1757027701.5423563,-0.3822335433959961,-0.23342254638671878,0.24986259460449217,0.2971289443969727,-0.6981744384765625,0.7008437728881836,0.6152785110473633,0.0695027923583984,-0.3150570678710938,0.10681732177734377,0.06293861389160155,-0.21141143798828121
1757027701577341501,1757027701.5773416,-0.3383645248413086,-0.23685577392578128,0.28343193054199217,0.3139136123657227,-0.698555908203125,0.7008437728881836,0.6782219696044922,-0.010225334167480504,-0.3284085083007813,0.13390262603759767,0.10261241912841795,-0.18623443603515621
1757027701612254091,1757027701.6122541,-0.29487602233886717,-0.2585995483398438,0.3158578109741211,0.3398535537719727,-0.698555908203125,0.7008437728881836,0.7274325180053711,-0.10025409698486332,-0.3772375869750977,0.14534671783447267,0.11596385955810545,-0.1068868255615234
1757027701648852550,1757027701.6488526,-0.27389518737792967,-0.2696621704101563,0.3326424789428711,0.3589279937744141,-0.698555908203125,0.7008437728881836,0.763673095703125,-0.18684867858886722,-0.4390366363525391,0.14382083892822267,0.11367504119873045,0.0010700607299805043
1757027701683627326,1757027701.6836274,-0.27694694519042967,-0.2704251098632813,0.3269204330444336,0.3516791152954102,-0.698555908203125,0.7008437728881836,0.7770245361328125,-0.24445156097412113,-0.492061882019043,0.13466556549072267,0.09193031311035155,0.09262470245361332
1757027701718496583,1757027701.7184966,-0.29106132507324217,-0.2708065795898438,0.29983512878417967,0.3017065811157227,-0.6981744384765625,0.7008437728881836,0.769776611328125,-0.26810268402099613,-0.5305912780761719,0.10529144287109377,0.05607215881347655,0.14984611511230472
1757027701753191915,1757027701.753192,-0.3253945541381836,-0.2711880493164063,0.27236930847167967,0.23571136474609378,-0.698555908203125,0.7008437728881836,0.7190401840209961,-0.25932888031005863,-0.5351689147949219,0.05951412200927736,0.00838748931884764,0.15861991882324222
1757027701787801283,1757027701.7878013,-0.3627785873413086,-0.2711880493164063,0.22735492706298827,0.16513755798339846,-0.6981744384765625,0.7008437728881836,0.6457970428466797,-0.19600395202636722,-0.5279209899902344,0.01106746673583986,-0.042348937988281266,0.13382438659667972
1757027701823148151,1757027701.823148,-0.4058856201171875,-0.2849209594726563,0.18272201538085936,0.11287620544433596,-0.6981744384765625,0.7008437728881836,0.5637791442871094,-0.10216144561767582,-0.5008356857299805,-0.03928749084472655,-0.09575565338134767,0.07278827667236332
1757027701859901740,1757027701.8599017,-0.4104632568359375,-0.2887356567382813,0.15334884643554686,0.07778003692626956,-0.6981744384765625,0.7008437728881836,0.479854850769043,0.014951667785644496,-0.4626877593994141,-0.08010570526123045,-0.14191349029541017,-0.019910774230956996
1757027701894683701,1757027701.8946836,-0.4104632568359375,-0.2528775024414063,0.15106002807617186,0.06671741485595706,-0.6974114990234375,0.7008437728881836,0.4203446197509766,0.12252803802490231,-0.3959296035766602,-0.08392040252685545,-0.14916141510009767,-0.1126088714599609
1757027701933261065,1757027701.9332612,-0.4104632568359375,-0.20977046966552737,0.15754501342773436,0.09227588653564456,-0.69779296875,0.7008437728881836,0.4180558013916016,0.17555328369140621,-0.3112423706054688,-0.03432838439941405,-0.10948856353759767,-0.21446319580078121
1757027701969814005,1757027701.969814,-0.40931884765625,-0.19985225677490237,0.18615524291992186,0.16666343688964846,-0.6981744384765625,0.7008437728881836,0.4848139572143555,0.1553344345092773,-0.27538326263427737,0.03357418060302736,-0.033575134277343766,-0.24879642486572262
1757027702004726151,1757027702.0047262,-0.3784188461303711,-0.20557430267333987,0.23231403350830077,0.2631771850585938,-0.698555908203125,0.7008437728881836,0.5897200393676758,0.0794210052490234,-0.2841580200195313,0.09766204833984377,0.04767982482910155,-0.22399993896484371
1757027702041636127,1757027702.041636,-0.32272331237792967,-0.22541072845458987,0.27122489929199217,0.3295538711547852,-0.698555908203125,0.7008437728881836,0.7003481674194336,-0.03654769897460941,-0.3310787963867188,0.14420230865478517,0.11024181365966795,-0.1526641464233398
1757027702078630437,1757027702.0786304,-0.27847282409667967,-0.23914459228515628,0.30937187194824217,0.3593094635009766,-0.6981744384765625,0.7008437728881836,0.7720654296875,-0.15098957061767582,-0.3871557998657227,0.16518314361572267,0.13389293670654295,-0.0679769134521484
1757027702113075101,1757027702.1130753,-0.24566547393798827,-0.24715545654296878,0.3437051010131836,0.3677017974853516,-0.6981744384765625,0.7008437728881836,0.79495361328125,-0.20935539245605472,-0.4367478179931641,0.17014225006103517,0.13694469451904295,0.00908187866210941
1757027702149794669,1757027702.1497946,-0.23727313995361327,-0.2540219116210938,0.3368386459350586,0.3512976455688477,-0.6981744384765625,0.7008437728881836,0.7754986572265625,-0.21584037780761722,-0.4726069259643555,0.15755374908447267,0.10680858612060545,0.05981735229492191
1757027702186475498,1757027702.1864755,-0.27236930847167967,-0.2627957153320313,0.30326835632324217,0.2906430053710938,-0.6981744384765625,0.7008437728881836,0.7228548812866211,-0.19447807312011722,-0.4802363204956055,0.11025054931640627,0.05454627990722655,0.06859210968017582
1757027702223401270,1757027702.2234013,-0.32005302429199217,-0.2685177612304688,0.25138847351074217,0.21739986419677737,-0.6981744384765625,0.7008437728881836,0.6389305877685547,-0.12581256866455082,-0.475277214050293,0.05035884857177736,-0.00877864837646486,0.04379562377929691
1757027702258205730,1757027702.2582057,-0.3738412094116211,-0.2719509887695313,0.19760028839111327,0.15026023864746096,-0.6981744384765625,0.7008437728881836,0.5481388854980469,-0.03273300170898441,-0.4485733795166016,-0.010295791625976547,-0.07286651611328127,-0.011518440246581996
1757027702292765523,1757027702.2927654,-0.4108447265625,-0.2608883666992188,0.14877120971679686,0.09685352325439456,-0.69779296875,0.7008437728881836,0.4596369552612305,0.0748433685302734,-0.4069931793212891,-0.06446544647216795,-0.13237674713134767,-0.0893392181396484
1757027702330157369,1757027702.3301573,-0.4104632568359375,-0.22274044036865237,0.13007919311523436,0.06709888458251956,-0.69016357421875,0.7008437728881836,0.3821976470947266,0.19882293701171871,-0.3455755996704102,-0.07476512908935545,-0.15068729400634767,-0.1778411483764648
1757027702368418399,1757027702.3684182,-0.4104632568359375,-0.17581966400146487,0.13046066284179686,0.07091358184814456,-0.6913079833984375,0.7008437728881836,0.3627417373657227,0.2793140029907226,-0.26775386810302737,-0.05950634002685545,-0.14153202056884767,-0.2819842910766601
1757027702402930267,1757027702.4029303,-0.4104632568359375,-0.14263084411621096,0.14495651245117186,0.10791614532470706,-0.700081787109375,0.7008437728881836,0.3852494049072266,0.297625503540039,-0.20404747009277346,-0.003047866821289047,-0.09155853271484377,-0.3590421295166015
1757027702437835449,1757027702.4378355,-0.4074114990234375,-0.13652732849121096,0.18234054565429686,0.18001583099365237,-0.7008447265625,0.7008437728881836,0.463070182800293,0.2644366836547851,-0.18878868103027346,0.06294734954833986,-0.01259334564208986,-0.37277599334716793
1757027702474686759,1757027702.4746866,-0.3643044662475586,-0.16094139099121096,0.21819965362548827,0.23761871337890628,-0.7008447265625,0.7008437728881836,0.5637791442871094,0.16067596435546871,-0.21396568298339846,0.10376556396484377,0.04996864318847655,-0.3300504302978515
1757027702509670311,1757027702.5096705,-0.3337868881225586,-0.19336727142333987,0.24986259460449217,0.2791989135742188,-0.7008447265625,0.7008437728881836,0.6324456024169922,0.0447072601318359,-0.27080562591552737,0.11787994384765627,0.07056800842285155,-0.24154754638671871
1757027702546937675,1757027702.5469377,-0.30174247741699217,-0.22007015228271487,0.26626579284667967,0.3127692031860352,-0.7008447265625,0.7008437728881836,0.6858513641357422,-0.05981735229492191,-0.3417609024047852,0.11940582275390627,0.07171241760253905,-0.12290950775146481
1757027702580983062,1757027702.580983,-0.30288688659667967,-0.22693660736083987,0.26435844421386717,0.3093359756469727,-0.7008447265625,0.7008437728881836,0.7026369857788086,-0.12810138702392582,-0.4054673004150391,0.11215789794921877,0.05187599182128905,-0.016859016418456996
1757027702615755559,1757027702.6157556,-0.3242501449584961,-0.22884490966796878,0.23498432159423827,0.2605068969726563,-0.7008447265625,0.7008437728881836,0.6984408187866211,-0.16090873718261722,-0.4581101226806641,0.07591827392578127,0.01563541412353514,0.06363204956054691
1757027702650523852,1757027702.650524,-0.3604897689819336,-0.23075225830078128,0.19988910675048827,0.19451168060302737,-0.7008447265625,0.7008437728881836,0.6580040740966797,-0.16205314636230472,-0.4771845626831055,0.02937801361083986,-0.035101013183593766,0.09186176300048832
1757027702685341479,1757027702.6853414,-0.39711181640625,-0.23189666748046878,0.16250411987304686,0.12622764587402346,-0.7008447265625,0.7008437728881836,0.5935347366333008,-0.11474994659423832,-0.475277214050293,-0.017925186157226547,-0.08469207763671877,0.08232501983642582
1757027702720448846,1757027702.7204487,-0.4043597412109375,-0.23571136474609378,0.13694564819335936,0.07243946075439456,-0.7008447265625,0.7008437728881836,0.5225804138183594,-0.03731063842773441,-0.4554398345947266,-0.05645362854003905,-0.12779911041259767,0.03540328979492191
1757027702754956695,1757027702.7549567,-0.4043597412109375,-0.24295928955078128,0.12473861694335936,0.03848770141601565,-0.7008447265625,0.7008437728881836,0.4504816818237305,0.0561513519287109,-0.4203446197509766,-0.08277599334716795,-0.15946205139160158,-0.045469245910644496
1757027702791644857,1757027702.7916448,-0.403978271484375,-0.22655513763427737,0.12512008666992186,0.03047683715820315,-0.7008447265625,0.7008437728881836,0.3959305572509766,0.1530456161499023,-0.3631232070922852,-0.09040538787841795,-0.16938026428222658,-0.1454162216186523
1757027702826213706,1757027702.8262136,-0.403978271484375,-0.18573787689208987,0.12512008666992186,0.03963211059570315,-0.7008447265625,0.7008437728881836,0.3833420562744141,0.21980377197265621,-0.2902615356445313,-0.06255809783935545,-0.15373905181884767,-0.23696990966796871
1757027702863278552,1757027702.8632786,-0.4035968017578125,-0.15598228454589846,0.13427536010742186,0.09151294708251956,-0.7008447265625,0.7008437728881836,0.4020340728759766,0.24498172760009762,-0.22426631927490237,-0.007244033813476547,-0.10071475982666017,-0.3102140045166015
1757027702897649031,1757027702.897649,-0.39711181640625,-0.15064170837402346,0.17051498413085936,0.15941551208496096,-0.7008447265625,0.7008437728881836,0.4687922286987305,0.22552677154541012,-0.20328453063964846,0.05379207611083986,-0.03052242279052736,-0.3315763092041015
1757027702932565213,1757027702.9325652,-0.3585824203491211,-0.15674522399902346,0.21324054718017577,0.24334075927734378,-0.7008447265625,0.7008437728881836,0.5637791442871094,0.1522826766967773,-0.21625545501708987,0.10948760986328127,0.04195777893066405,-0.309069595336914
1757027702967745191,1757027702.9677453,-0.32272331237792967,-0.16628292083740237,0.22849933624267577,0.2799618530273438,-0.7008447265625,0.7008437728881836,0.6442711639404297,0.0427999114990234,-0.25936153411865237,0.13542850494384767,0.07972328186035155,-0.24078460693359371
1757027703004295593,1757027703.0042956,-0.29296867370605467,-0.17734554290771487,0.26245109558105467,0.3131506729125977,-0.7008447265625,0.7008437728881836,0.7053072738647461,-0.06248764038085941,-0.3158200073242188,0.15030582427978517,0.09460155487060545,-0.1370238876342773
1757027703040583032,1757027703.040583,-0.27656547546386717,-0.17772701263427737,0.27160636901855467,0.3207800674438477,-0.7008447265625,0.7008437728881836,0.7274325180053711,-0.13267902374267582,-0.3741858291625977,0.15145023345947267,0.09307567596435545,-0.038221321105956996
1757027703075471676,1757027703.0754716,-0.28114311218261717,-0.18039730072021487,0.26626579284667967,0.2830136108398438,-0.7008447265625,0.7008437728881836,0.7239992904663086,-0.16090873718261722,-0.4184372711181641,0.13352115631103517,0.06522743225097655,0.02777389526367191
1757027703110388190,1757027703.1103883,-0.30059806823730467,-0.18650081634521487,0.23765460968017577,0.22655513763427737,-0.7008447265625,0.7008437728881836,0.6877587127685547,-0.16014579772949222,-0.4356034088134766,0.09880645751953127,0.02440921783447264,0.05447677612304691
1757027703145235409,1757027703.1452355,-0.3265389633178711,-0.18878963470458987,0.21629230499267577,0.16666343688964846,-0.7008447265625,0.7008437728881836,0.6244337844848633,-0.11360553741455082,-0.4321701812744141,0.06027706146240236,-0.01717098236083986,0.04112533569335941
1757027703180362960,1757027703.180363,-0.3524789047241211,-0.18802669525146487,0.18882648468017577,0.11402061462402346,-0.7008447265625,0.7008437728881836,0.5523350524902344,-0.03578475952148441,-0.4027970123291016,0.02632625579833986,-0.056081848144531266,-0.014570198059081996
1757027703216971083,1757027703.216971,-0.3757485580444336,-0.18802669525146487,0.15983383178710936,0.08312061309814456,-0.7008447265625,0.7008437728881836,0.4779475021362305,0.0668325042724609,-0.3516791152954102,0.001911239624023453,-0.08736236572265627,-0.1061238861083984
1757027703251773579,1757027703.2517736,-0.3925341796875,-0.18650081634521487,0.15067855834960936,0.07968738555908206,-0.7008447265625,0.7008437728881836,0.4363663482666016,0.15800567626953121,-0.2975094604492188,-0.003429336547851547,-0.09918888092041017,-0.20454498291015621
1757027703286058446,1757027703.2860584,-0.391771240234375,-0.16628292083740237,0.15182296752929686,0.10982444763183596,-0.7008447265625,0.7008437728881836,0.4325516510009766,0.22857852935791012,-0.24295833587646487,0.01411922454833986,-0.09003265380859377,-0.2953357315063476
1757027703321181719,1757027703.3211818,-0.3913897705078125,-0.15712669372558596,0.15945236206054686,0.18001583099365237,-0.7008447265625,0.7008437728881836,0.482143669128418,0.24383731842041012,-0.20595481872558596,0.05684383392333986,-0.040823059082031266,-0.351794204711914
1757027703357689713,1757027703.3576896,-0.38795654296875,-0.16895320892333987,0.16212265014648436,0.22579219818115237,-0.7008447265625,0.7008437728881836,0.5538609313964844,0.18432708740234371,-0.21739986419677737,0.07401092529296877,-0.01030452728271486,-0.331194839477539
1757027703392383506,1757027703.3923836,-0.3868121337890625,-0.21015193939208987,0.16402999877929686,0.2666104125976563,-0.7008447265625,0.7008437728881836,0.5981123733520508,0.09696956634521481,-0.27538326263427737,0.07401092529296877,-0.01068599700927736,-0.2518481826782226
1757027703429340703,1757027703.4293406,-0.3864306640625,-0.24028900146484378,0.16135971069335936,0.2929318237304688,-0.7008447265625,0.7008437728881836,0.6427452850341797,0.016859016418456996,-0.3451941299438477,0.07362945556640627,-0.01221187591552736,-0.1580047225952148
1757027703463738329,1757027703.4637384,-0.3868121337890625,-0.24868133544921878,0.15868942260742186,0.2982733535766602,-0.7008447265625,0.7008437728881836,0.6709740447998047,-0.027010002136230504,-0.3871557998657227,0.07324798583984377,-0.01640804290771486,-0.1015462493896484
1757027703498977065,1757027703.498977,-0.3868121337890625,-0.2532589721679688,0.15868942260742186,0.2982733535766602,-0.7008447265625,0.7008437728881836,0.6763146209716797,-0.03464035034179691,-0.3970740127563477,0.07057769775390627,-0.01984127044677736,-0.0908650970458984
1757027703533359321,1757027703.5333593,-0.3868121337890625,-0.2544033813476563,0.15830795288085936,0.2986548233032227,-0.7008447265625,0.7008437728881836,0.6766960906982422,-0.03197006225585941,-0.3970740127563477,0.06981475830078127,-0.02022274017333986,-0.0912465667724609
1757027703568218428,1757027703.5682185,-0.3868121337890625,-0.2555477905273438,0.15830795288085936,0.3081915664672852,-0.7008447265625,0.7008437728881836,0.6766960906982422,-0.028917350769043004,-0.3963110733032227,0.07019622802734377,-0.01984127044677736,-0.0916280364990234
1757027703603655997,1757027703.603656,-0.387193603515625,-0.2559292602539063,0.15830795288085936,0.3146765518188477,-0.7008447265625,0.7008437728881836,0.6782219696044922,-0.028917350769043004,-0.3959296035766602,0.07057769775390627,-0.01984127044677736,-0.0916280364990234
1757027703638389938,1757027703.63839,-0.3868121337890625,-0.2559292602539063,0.15830795288085936,0.3154394912719727,-0.7008447265625,0.7008437728881836,0.6801293182373047,-0.028917350769043004,-0.3959296035766602,0.07057769775390627,-0.01945980072021486,-0.0916280364990234
1757027703673099767,1757027703.6730998,-0.385667724609375,-0.2555477905273438,0.15868942260742186,0.3154394912719727,-0.7008447265625,0.7008437728881836,0.6847069549560547,-0.028917350769043004,-0.3959296035766602,0.07057769775390627,-0.01907833099365236,-0.0916280364990234
1757027703708305448,1757027703.7083054,-0.3845223617553711,-0.2555477905273438,0.15907089233398436,0.3154394912719727,-0.7008447265625,0.7008437728881836,0.6850884246826172,-0.028154411315918004,-0.3951666641235352,0.07057769775390627,-0.01831539154052736,-0.0962056732177734
1757027703742878036,1757027703.742878,-0.3845223617553711,-0.2540219116210938,0.15868942260742186,0.3146765518188477,-0.7008447265625,0.7008437728881836,0.6759331512451172,-0.007936515808105504,-0.3883002090454102,0.07172210693359377,-0.01869686126708986,-0.1148976898193359
1757027703777338088,1757027703.777338,-0.3849038314819336,-0.23571136474609378,0.15868942260742186,0.3013251113891602,-0.7008447265625,0.7008437728881836,0.6530449676513672,0.030591926574706996,-0.3558752822875977,0.07210357666015627,-0.01945980072021486,-0.1587676620483398
1757027703812432195,1757027703.812432,-0.3852853012084961,-0.20977046966552737,0.15830795288085936,0.2761471557617188,-0.7008447265625,0.7008437728881836,0.6187117385864258,0.0881948089599609,-0.3097164916992188,0.07515533447265627,-0.01907833099365236,-0.22018524169921871
1757027703848674356,1757027703.8486743,-0.3852853012084961,-0.17887142181396487,0.15830795288085936,0.24753692626953128,-0.7008447265625,0.7008437728881836,0.5786574172973633,0.1503753280639648,-0.25669124603271487,0.08240325927734377,-0.01793392181396486,-0.2880878067016601
1757027703884284888,1757027703.884285,-0.3849038314819336,-0.14530113220214846,0.15830795288085936,0.21320369720458987,-0.7008447265625,0.7008437728881836,0.5351689147949219,0.21217437744140621,-0.20214012145996096,0.09003265380859377,-0.01411922454833986,-0.3552274322509765
1757027703920458012,1757027703.920458,-0.3852853012084961,-0.10829856872558596,0.15830795288085936,0.17658260345458987,-0.7008447265625,0.7008437728881836,0.483669548034668,0.283129653930664,-0.14224842071533206,0.09079559326171877,-0.01411922454833986,-0.42961498260498043
1757027703957056469,1757027703.9570565,-0.3864306640625,-0.07053211212158206,0.15830795288085936,0.13805320739746096,-0.7008447265625,0.7008437728881836,0.4253037261962891,0.35675426483154293,-0.08159378051757815,0.09117706298828127,-0.01869686126708986,-0.5093440628051757
1757027703993530185,1757027703.99353,-0.3875750732421875,-0.04573657989501956,0.15792648315429686,0.11020591735839846,-0.7008447265625,0.7008437728881836,0.3558752822875977,0.41092391967773434,-0.04649856567382815,0.08621795654296877,-0.02556331634521486,-0.5608434295654297
1757027704030281363,1757027704.0302815,-0.3829964828491211,-0.02551773071289065,0.15830795288085936,0.07434680938720706,-0.7008447265625,0.7008437728881836,0.2910244750976563,0.46013351440429684,-0.018268852233886745,0.08621795654296877,-0.02594478607177736,-0.5970830535888672
1757027704065132488,1757027704.0651326,-0.3757485580444336,-0.009496002197265652,0.15830795288085936,0.04726245880126956,-0.7008447265625,0.7008437728881836,0.24333980560302737,0.49980731964111325,-0.0026285934448242454,0.08507354736328127,-0.02632625579833986,-0.6245498275756836
1757027704101943573,1757027704.1019435,-0.3711709213256836,0.0011851501464843484,0.15907089233398436,0.03162124633789065,-0.7008447265625,0.7008437728881836,0.19603755950927737,0.5387181854248047,-0.0026285934448242454,0.08507354736328127,-0.02632625579833986,-0.6501082992553711
1757027704136952827,1757027704.1369529,-0.3639229965209961,0.012247772216796848,0.16021530151367186,0.01826980590820315,-0.7008447265625,0.7008437728881836,0.14873435974121096,0.5772466278076172,-0.0026285934448242454,0.08545501708984377,-0.02632625579833986,-0.6756667709350586
1757027704173338968,1757027704.173339,-0.3643044662475586,0.023311347961425755,0.16135971069335936,0.0022480773925781516,-0.7008447265625,0.7008437728881836,0.09570911407470706,0.6199721908569336,0.009578437805175755,0.08812530517578127,-0.02556331634521486,-0.6974114990234375
1757027704208226537,1757027704.2082264,-0.3646859359741211,0.024837226867675755,0.16021530151367186,-4.0740966796848355e-05,-0.7008447265625,0.7008437728881836,0.06748035430908206,0.6470565414428711,0.015681953430175755,0.08926971435546877,-0.02556331634521486,-0.6974114990234375
1757027704245078937,1757027704.245079,-0.3650674057006836,0.024837226867675755,0.15830795288085936,0.0007221984863281516,-0.7008447265625,0.7008437728881836,0.05756118774414065,0.6577386474609375,0.017207832336425755,0.08926971435546877,-0.02556331634521486,-0.6974114990234375
1757027704279581228,1757027704.279581,-0.3650674057006836,0.024837226867675755,0.15830795288085936,0.0007221984863281516,-0.7008447265625,0.7008437728881836,0.04688003540039065,0.666512451171875,0.023692817687988255,0.08926971435546877,-0.02556331634521486,-0.6974114990234375
1757027704314517834,1757027704.3145177,-0.3646859359741211,0.024837226867675755,0.15868942260742186,0.0011036682128906516,-0.7008447265625,0.7008437728881836,0.04344680786132815,0.6722344970703125,0.023692817687988255,0.08926971435546877,-0.02556331634521486,-0.6974114990234375
1757027704351584604,1757027704.3515844,-0.3646859359741211,0.024837226867675755,0.15907089233398436,0.0011036682128906516,-0.7008447265625,0.7008437728881836,0.02856948852539065,0.683297119140625,0.027888984680175755,0.09003265380859377,-0.02251155853271486,-0.6974114990234375
1757027704386230784,1757027704.3862307,-0.3646859359741211,0.024837226867675755,0.15868942260742186,0.0011036682128906516,-0.7008447265625,0.7008437728881836,0.014455108642578152,0.6913079833984375,0.03590080261230466,0.09041412353515627,-0.02251155853271486,-0.6974114990234375
1757027704422644592,1757027704.4226444,-0.3646859359741211,0.027888984680175755,0.15868942260742186,-0.0008036804199218484,-0.7008447265625,0.7008437728881836,0.006444244384765652,0.691689453125,0.04200431823730466,0.09003265380859377,-0.02289302825927736,-0.6974114990234375
1757027704457379254,1757027704.4573793,-0.3646859359741211,0.029033393859863255,0.15830795288085936,-0.0027110290527343484,-0.7008447265625,0.7008437728881836,0.0033915328979492454,0.6920709228515625,0.04429313659667966,0.09003265380859377,-0.02327449798583986,-0.6974114990234375
1757027704492212564,1757027704.4922125,-0.3646859359741211,0.028270454406738255,0.15868942260742186,-0.0027110290527343484,-0.7008447265625,0.7008437728881836,0.0026285934448242454,0.6920709228515625,0.04429313659667966,0.09003265380859377,-0.02327449798583986,-0.6974114990234375
1757027704526739355,1757027704.5267394,-0.3646859359741211,0.028270454406738255,0.15830795288085936,-0.0027110290527343484,-0.7008447265625,0.7008437728881836,0.0033915328979492454,0.6920709228515625,0.04429313659667966,0.09003265380859377,-0.02327449798583986,-0.6974114990234375
1757027704561430739,1757027704.5614307,-0.3650674057006836,0.028270454406738255,0.15830795288085936,-0.0023295593261718484,-0.7008447265625,0.7008437728881836,0.004918365478515652,0.6920709228515625,0.04314872741699216,0.09003265380859377,-0.02327449798583986,-0.6974114990234375
1757027704596258308,1757027704.5962584,-0.3650674057006836,0.027888984680175755,0.15792648315429686,-0.0015666198730468484,-0.7008447265625,0.7008437728881836,0.006062774658203152,0.6920709228515625,0.04124137878417966,0.09003265380859377,-0.02327449798583986,-0.6974114990234375
1757027704633210245,1757027704.6332104,-0.3646859359741211,0.027888984680175755,0.15830795288085936,-0.0015666198730468484,-0.7008447265625,0.7008437728881836,0.006444244384765652,0.6920709228515625,0.04124137878417966,0.09003265380859377,-0.02327449798583986,-0.6974114990234375
1757027704667703296,1757027704.6677034,-0.3650674057006836,0.027888984680175755,0.15830795288085936,-0.0015666198730468484,-0.7008447265625,0.7008437728881836,0.006444244384765652,0.6920709228515625,0.04085990905761716,0.09003265380859377,-0.02327449798583986,-0.6974114990234375
1757027704702537198,1757027704.7025373,-0.3650674057006836,0.027888984680175755,0.15830795288085936,-0.0015666198730468484,-0.7008447265625,0.7008437728881836,0.006444244384765652,0.6920709228515625,0.04085990905761716,0.09003265380859377,-0.02327449798583986,-0.6974114990234375
1757027704737623859,1757027704.7376237,-0.3646859359741211,0.027888984680175755,0.15830795288085936,-0.0015666198730468484,-0.7008447265625,0.7008437728881836,0.006444244384765652,0.6920709228515625,0.04085990905761716,0.09003265380859377,-0.02327449798583986,-0.6974114990234375
1757027704772328614,1757027704.7723286,-0.3650674057006836,0.027888984680175755,0.15830795288085936,-0.0015666198730468484,-0.7008447265625,0.7008437728881836,0.006444244384765652,0.692452392578125,0.04047843933105466,0.09003265380859377,-0.02327449798583986,-0.6974114990234375
1757027704808845458,1757027704.8088455,-0.3650674057006836,0.027888984680175755,0.15830795288085936,-0.0015666198730468484,-0.7008447265625,0.7008437728881836,0.006444244384765652,0.6920709228515625,0.04047843933105466,0.09003265380859377,-0.02327449798583986,-0.6974114990234375
1757027704842211788,1757027704.8422117,-0.3650674057006836,0.027888984680175755,0.15830795288085936,-0.0015666198730468484,-0.7008447265625,0.7008437728881836,0.006444244384765652,0.6920709228515625,0.04047843933105466,0.09003265380859377,-0.02327449798583986,-0.6974114990234375
1757027704876702932,1757027704.876703,-0.3650674057006836,0.027507514953613255,0.15830795288085936,-0.0015666198730468484,-0.7008447265625,0.7008437728881836,0.006444244384765652,0.6920709228515625,0.04047843933105466,0.09003265380859377,-0.02327449798583986,-0.6974114990234375
1757027704911374612,1757027704.9113746,-0.3650674057006836,0.027507514953613255,0.15830795288085936,-0.0015666198730468484,-0.7008447265625,0.7008437728881836,0.006444244384765652,0.6920709228515625,0.04047843933105466,0.09003265380859377,-0.02327449798583986,-0.6974114990234375
1757027704946405125,1757027704.9464052,-0.3650674057006836,0.027507514953613255,0.15830795288085936,-0.0015666198730468484,-0.7008447265625,0.7008437728881836,0.006444244384765652,0.6920709228515625,0.04009696960449216,0.09003265380859377,-0.02327449798583986,-0.6974114990234375
1757027704982920914,1757027704.982921,-0.3650674057006836,0.027507514953613255,0.15830795288085936,-0.0015666198730468484,-0.7008447265625,0.7008437728881836,0.006444244384765652,0.6920709228515625,0.04009696960449216,0.09003265380859377,-0.02327449798583986,-0.6974114990234375
1757027705017658372,1757027705.0176585,-0.3646859359741211,0.027507514953613255,0.15830795288085936,-0.0015666198730468484,-0.7008447265625,0.7008437728881836,0.006444244384765652,0.6920709228515625,0.04047843933105466,0.09003265380859377,-0.02327449798583986,-0.6974114990234375
1757027705054664159,1757027705.0546641,-0.3650674057006836,0.027507514953613255,0.15830795288085936,-0.0015666198730468484,-0.7008447265625,0.7008437728881836,0.006444244384765652,0.6920709228515625,0.04009696960449216,0.09003265380859377,-0.02327449798583986,-0.6974114990234375
1757027705089244357,1757027705.0892444,-0.3650674057006836,0.027126045227050755,0.15830795288085936,-0.0015666198730468484,-0.7008447265625,0.7008437728881836,0.006444244384765652,0.6920709228515625,0.04009696960449216,0.09003265380859377,-0.02327449798583986,-0.6974114990234375
1757027705127859458,1757027705.1278594,-0.3646859359741211,0.027126045227050755,0.15830795288085936,-0.0015666198730468484,-0.7008447265625,0.7008437728881836,0.006444244384765652,0.6920709228515625,0.04009696960449216,0.09003265380859377,-0.02327449798583986,-0.6974114990234375
1757027705164301431,1757027705.1643014,-0.3650674057006836,0.027126045227050755,0.15830795288085936,-0.0015666198730468484,-0.7008447265625,0.7008437728881836,0.006444244384765652,0.6920709228515625,0.04009696960449216,0.09003265380859377,-0.02327449798583986,-0.6974114990234375
1757027705199489776,1757027705.1994898,-0.3650674057006836,0.027126045227050755,0.15830795288085936,-0.0015666198730468484,-0.7008447265625,0.7008437728881836,0.006444244384765652,0.6920709228515625,0.03971549987792966,0.09003265380859377,-0.02327449798583986,-0.6974114990234375
1757027705234282085,1757027705.234282,-0.3650674057006836,0.027126045227050755,0.15830795288085936,-0.0015666198730468484,-0.7008447265625,0.7008437728881836,0.006444244384765652,0.6920709228515625,0.03971549987792966,0.09003265380859377,-0.02327449798583986,-0.6974114990234375
1757027705268734931,1757027705.268735,-0.3646859359741211,0.026744575500488255,0.15830795288085936,-0.0015666198730468484,-0.7008447265625,0.7008437728881836,0.006444244384765652,0.6920709228515625,0.03971549987792966,0.09003265380859377,-0.02327449798583986,-0.6974114990234375
1757027705305995811,1757027705.3059957,-0.3650674057006836,0.027126045227050755,0.15830795288085936,-0.0015666198730468484,-0.7008447265625,0.7008437728881836,0.006444244384765652,0.6920709228515625,0.03971549987792966,0.09003265380859377,-0.02327449798583986,-0.6974114990234375
1757027705342179470,1757027705.3421795,-0.3650674057006836,0.026744575500488255,0.15830795288085936,-0.0015666198730468484,-0.7008447265625,0.7008437728881836,0.006444244384765652,0.6920709228515625,0.03971549987792966,0.09003265380859377,-0.02327449798583986,-0.6974114990234375
1757027705377075612,1757027705.3770757,-0.3650674057006836,0.026744575500488255,0.15830795288085936,-0.0015666198730468484,-0.7008447265625,0.7008437728881836,0.006444244384765652,0.6920709228515625,0.03971549987792966,0.09003265380859377,-0.02327449798583986,-0.6974114990234375
1757027705412087217,1757027705.4120872,-0.3650674057006836,0.026744575500488255,0.15830795288085936,-0.0015666198730468484,-0.7008447265625,0.7008437728881836,0.006444244384765652,0.6920709228515625,0.03971549987792966,0.09003265380859377,-0.02327449798583986,-0.6974114990234375
1757027705446840025,1757027705.44684,-0.3650674057006836,0.026363105773925755,0.15830795288085936,-0.0015666198730468484,-0.7008447265625,0.7008437728881836,0.006444244384765652,0.6920709228515625,0.03971549987792966,0.09003265380859377,-0.02327449798583986,-0.6974114990234375
1757027705481285316,1757027705.4812853,-0.3650674057006836,0.026363105773925755,0.15830795288085936,-0.0015666198730468484,-0.7008447265625,0.7008437728881836,0.006444244384765652,0.6920709228515625,0.03933403015136716,0.09003265380859377,-0.02327449798583986,-0.6974114990234375
